"","value","count","seq_len","sandwhich_seq_L","sandwhich_seq_R","sandwhich_seq"
"1","agc",24,3,"ttaggcagc","agcttaggc","ttaggcagcttaggc"
"2","c",122,1,"ttaggcc","cttaggc","ttaggccttaggc"
"3","cc",10,2,"ttaggccc","ccttaggc","ttaggcccttaggc"
"4","cgaattttacgcaattttgagctagaattctgaaaattaatgtctaggggtagaaaatgacagggaattcgaatttgttaatgaaattttgcaaaaataattataattctcaaatcctaaaaaattgcaaatttcacggttgcctagttgatgttaacatatt",12,163,"ttaggccgaattttacgcaattttgagctagaattctgaaaattaatgtctaggggtagaaaatgacagggaattcgaatttgttaatgaaattttgcaaaaataattataattctcaaatcctaaaaaattgcaaatttcacggttgcctagttgatgttaacatatt","cgaattttacgcaattttgagctagaattctgaaaattaatgtctaggggtagaaaatgacagggaattcgaatttgttaatgaaattttgcaaaaataattataattctcaaatcctaaaaaattgcaaatttcacggttgcctagttgatgttaacatattttaggc","ttaggccgaattttacgcaattttgagctagaattctgaaaattaatgtctaggggtagaaaatgacagggaattcgaatttgttaatgaaattttgcaaaaataattataattctcaaatcctaaaaaattgcaaatttcacggttgcctagttgatgttaacatattttaggc"
"5","ct",10,2,"ttaggcct","ctttaggc","ttaggcctttaggc"
"6","ctaggc",66,6,"ttaggcctaggc","ctaggcttaggc","ttaggcctaggcttaggc"
"7","cttagggc",24,8,"ttaggccttagggc","cttagggcttaggc","ttaggccttagggcttaggc"
"8","ctttagg",12,7,"ttaggcctttagg","ctttaggttaggc","ttaggcctttaggttaggc"
"9","ggc",20,3,"ttaggcggc","ggcttaggc","ttaggcggcttaggc"
"10","t",718,1,"ttaggct","tttaggc","ttaggctttaggc"
"11","ta",10,2,"ttaggcta","tattaggc","ttaggctattaggc"
"12","tac",10,3,"ttaggctac","tacttaggc","ttaggctacttaggc"
"13","tagc",50,4,"ttaggctagc","tagcttaggc","ttaggctagcttaggc"
"14","tagg",2,4,"ttaggctagg","taggttaggc","ttaggctaggttaggc"
"15","taggacgtgggatcgacattgttcggcggcaaaatcgataaaaaagaatggtgagttactatactactacatatagcgagagtatcgatttttccagacaatcgatattttgaacaattattgcatattcgccaaaaaactttaattgctctcattttcagcgtccaattcatggtattttccttgtgtgttcattgttcctatcaatctctgcgtactccaacttcgacaagacggagcaccgaaatatcgactctttcgaacttt",16,267,"ttaggctaggacgtgggatcgacattgttcggcggcaaaatcgataaaaaagaatggtgagttactatactactacatatagcgagagtatcgatttttccagacaatcgatattttgaacaattattgcatattcgccaaaaaactttaattgctctcattttcagcgtccaattcatggtattttccttgtgtgttcattgttcctatcaatctctgcgtactccaacttcgacaagacggagcaccgaaatatcgactctttcgaacttt","taggacgtgggatcgacattgttcggcggcaaaatcgataaaaaagaatggtgagttactatactactacatatagcgagagtatcgatttttccagacaatcgatattttgaacaattattgcatattcgccaaaaaactttaattgctctcattttcagcgtccaattcatggtattttccttgtgtgttcattgttcctatcaatctctgcgtactccaacttcgacaagacggagcaccgaaatatcgactctttcgaactttttaggc","ttaggctaggacgtgggatcgacattgttcggcggcaaaatcgataaaaaagaatggtgagttactatactactacatatagcgagagtatcgatttttccagacaatcgatattttgaacaattattgcatattcgccaaaaaactttaattgctctcattttcagcgtccaattcatggtattttccttgtgtgttcattgttcctatcaatctctgcgtactccaacttcgacaagacggagcaccgaaatatcgactctttcgaactttttaggc"
"16","taggc",80,5,"ttaggctaggc","taggcttaggc","ttaggctaggcttaggc"
"17","tcagagttatttcattctcatcttcggctcttaaagtatgcttc",8,44,"ttaggctcagagttatttcattctcatcttcggctcttaaagtatgcttc","tcagagttatttcattctcatcttcggctcttaaagtatgcttcttaggc","ttaggctcagagttatttcattctcatcttcggctcttaaagtatgcttcttaggc"
"18","tgc",48,3,"ttaggctgc","tgcttaggc","ttaggctgcttaggc"
"19","tggc",32,4,"ttaggctggc","tggcttaggc","ttaggctggcttaggc"
"20","tt",86,2,"ttaggctt","ttttaggc","ttaggcttttaggc"
"21","ttaagc",26,6,"ttaggcttaagc","ttaagcttaggc","ttaggcttaagcttaggc"
"22","ttaaggc",134,7,"ttaggcttaaggc","ttaaggcttaggc","ttaggcttaaggcttaggc"
"23","ttaaggctaggc",14,12,"ttaggcttaaggctaggc","ttaaggctaggcttaggc","ttaggcttaaggctaggcttaggc"
"24","ttac",16,4,"ttaggcttac","ttacttaggc","ttaggcttacttaggc"
"25","ttacaggct",12,9,"ttaggcttacaggct","ttacaggctttaggc","ttaggcttacaggctttaggc"
"26","ttag",12,4,"ttaggcttag","ttagttaggc","ttaggcttagttaggc"
"27","ttagac",40,6,"ttaggcttagac","ttagacttaggc","ttaggcttagacttaggc"
"28","ttagc",558,5,"ttaggcttagc","ttagcttaggc","ttaggcttagcttaggc"
"29","ttagcaggc",12,9,"ttaggcttagcaggc","ttagcaggcttaggc","ttaggcttagcaggcttaggc"
"30","ttagcgc",34,7,"ttaggcttagcgc","ttagcgcttaggc","ttaggcttagcgcttaggc"
"31","ttagcggc",10,8,"ttaggcttagcggc","ttagcggcttaggc","ttaggcttagcggcttaggc"
"32","ttagct",22,6,"ttaggcttagct","ttagctttaggc","ttaggcttagctttaggc"
"33","ttagctaggc",18,10,"ttaggcttagctaggc","ttagctaggcttaggc","ttaggcttagctaggcttaggc"
"34","ttagcttagc",20,10,"ttaggcttagcttagc","ttagcttagcttaggc","ttaggcttagcttagcttaggc"
"35","ttagcttagggc",34,12,"ttaggcttagcttagggc","ttagcttagggcttaggc","ttaggcttagcttagggcttaggc"
"36","ttagcttggcttagggc",12,17,"ttaggcttagcttggcttagggc","ttagcttggcttagggcttaggc","ttaggcttagcttggcttagggcttaggc"
"37","ttagg",68,5,"ttaggcttagg","ttaggttaggc","ttaggcttaggttaggc"
"38","ttagga",18,6,"ttaggcttagga","ttaggattaggc","ttaggcttaggattaggc"
"39","ttaggg",10,6,"ttaggcttaggg","ttagggttaggc","ttaggcttagggttaggc"
"40","ttagggc",876,7,"ttaggcttagggc","ttagggcttaggc","ttaggcttagggcttaggc"
"41","ttagggct",12,8,"ttaggcttagggct","ttagggctttaggc","ttaggcttagggctttaggc"
"42","ttagggcttagg",12,12,"ttaggcttagggcttagg","ttagggcttaggttaggc","ttaggcttagggcttaggttaggc"
"43","ttaggggc",56,8,"ttaggcttaggggc","ttaggggcttaggc","ttaggcttaggggcttaggc"
"44","ttagggtttttagttttttttccagaatttttataacaattttttatggatttttcgtttaaaaaattgatttttcgtttaaaaaatagatttttcgtttaaaaaattgatttttcggtttggtctcttc",14,130,"ttaggcttagggtttttagttttttttccagaatttttataacaattttttatggatttttcgtttaaaaaattgatttttcgtttaaaaaatagatttttcgtttaaaaaattgatttttcggtttggtctcttc","ttagggtttttagttttttttccagaatttttataacaattttttatggatttttcgtttaaaaaattgatttttcgtttaaaaaatagatttttcgtttaaaaaattgatttttcggtttggtctcttcttaggc","ttaggcttagggtttttagttttttttccagaatttttataacaattttttatggatttttcgtttaaaaaattgatttttcgtttaaaaaatagatttttcgtttaaaaaattgatttttcggtttggtctcttcttaggc"
"45","ttaggtagc",10,9,"ttaggcttaggtagc","ttaggtagcttaggc","ttaggcttaggtagcttaggc"
"46","ttaggtaggc",18,10,"ttaggcttaggtaggc","ttaggtaggcttaggc","ttaggcttaggtaggcttaggc"
"47","ttaggttct",10,9,"ttaggcttaggttct","ttaggttctttaggc","ttaggcttaggttctttaggc"
"48","ttaggtttagggc",10,13,"ttaggcttaggtttagggc","ttaggtttagggcttaggc","ttaggcttaggtttagggcttaggc"
"49","ttagttagcttagc",12,14,"ttaggcttagttagcttagc","ttagttagcttagcttaggc","ttaggcttagttagcttagcttaggc"
"50","ttagttgc",10,8,"ttaggcttagttgc","ttagttgcttaggc","ttaggcttagttgcttaggc"
"51","ttataggc",12,8,"ttaggcttataggc","ttataggcttaggc","ttaggcttataggcttaggc"
"52","ttatagggc",8,9,"ttaggcttatagggc","ttatagggcttaggc","ttaggcttatagggcttaggc"
"53","ttg",10,3,"ttaggcttg","ttgttaggc","ttaggcttgttaggc"
"54","ttgc",16,4,"ttaggcttgc","ttgcttaggc","ttaggcttgcttaggc"
"55","ttgg",12,4,"ttaggcttgg","ttggttaggc","ttaggcttggttaggc"
"56","ttggc",68,5,"ttaggcttggc","ttggcttaggc","ttaggcttggcttaggc"
"57","ttggctaggc",8,10,"ttaggcttggctaggc","ttggctaggcttaggc","ttaggcttggctaggcttaggc"
"58","ttggctaggct",10,11,"ttaggcttggctaggct","ttggctaggctttaggc","ttaggcttggctaggctttaggc"
"59","ttgttggc",12,8,"ttaggcttgttggc","ttgttggcttaggc","ttaggcttgttggcttaggc"
"60","tttagc",10,6,"ttaggctttagc","tttagcttaggc","ttaggctttagcttaggc"
"61","tttagctaggc",14,11,"ttaggctttagctaggc","tttagctaggcttaggc","ttaggctttagctaggcttaggc"
"62","tttagg",2,6,"ttaggctttagg","tttaggttaggc","ttaggctttaggttaggc"
"63","tttagggcttagggc",12,15,"ttaggctttagggcttagggc","tttagggcttagggcttaggc","ttaggctttagggcttagggcttaggc"
"64","tttagggg",2,8,"ttaggctttagggg","tttaggggttaggc","ttaggctttaggggttaggc"
"65","tttaggggcgaattttacgcaattttgagctagaattctgaaaattaatgtctaggggtagaaaatgacagggaattcgaatttgttaatgaaattttgcaaaaataattataattctcaaatcctaaaaaattgcaaatttcacggttgcctagttgatgttaacatatt",6,171,"ttaggctttaggggcgaattttacgcaattttgagctagaattctgaaaattaatgtctaggggtagaaaatgacagggaattcgaatttgttaatgaaattttgcaaaaataattataattctcaaatcctaaaaaattgcaaatttcacggttgcctagttgatgttaacatatt","tttaggggcgaattttacgcaattttgagctagaattctgaaaattaatgtctaggggtagaaaatgacagggaattcgaatttgttaatgaaattttgcaaaaataattataattctcaaatcctaaaaaattgcaaatttcacggttgcctagttgatgttaacatattttaggc","ttaggctttaggggcgaattttacgcaattttgagctagaattctgaaaattaatgtctaggggtagaaaatgacagggaattcgaatttgttaatgaaattttgcaaaaataattataattctcaaatcctaaaaaattgcaaatttcacggttgcctagttgatgttaacatattttaggc"
"66","tttgc",12,5,"ttaggctttgc","tttgcttaggc","ttaggctttgcttaggc"
"67","tttggcttaggtttagg",12,17,"ttaggctttggcttaggtttagg","tttggcttaggtttaggttaggc","ttaggctttggcttaggtttaggttaggc"
"68","ttttagct",10,8,"ttaggcttttagct","ttttagctttaggc","ttaggcttttagctttaggc"
"69","ttttagggc",8,9,"ttaggcttttagggc","ttttagggcttaggc","ttaggcttttagggcttaggc"
"70","tttttt",12,6,"ttaggctttttt","ttttttttaggc","ttaggcttttttttaggc"
"71","ttttttagc",12,9,"ttaggcttttttagc","ttttttagcttaggc","ttaggcttttttagcttaggc"
"72","ttttttgaaatgaatatcgtcggtacagagacatgagtatactggtctgaaagagcaaaaaatttcctatttttaaggctaggagactttcttgctacttgaatataaacaatcaaaaataatttccaaatgttttaatgatagtggtattttgaaaaaaactttttttgcgatttttgaaatgaatatcgtcggtacagagacatgagtatactgttctgaaagagcaaaaaattttctatttttaacgctaggacactttcttgctacttgaatataaacgatcaaaaataatttccaaatgtt",12,306,"ttaggcttttttgaaatgaatatcgtcggtacagagacatgagtatactggtctgaaagagcaaaaaatttcctatttttaaggctaggagactttcttgctacttgaatataaacaatcaaaaataatttccaaatgttttaatgatagtggtattttgaaaaaaactttttttgcgatttttgaaatgaatatcgtcggtacagagacatgagtatactgttctgaaagagcaaaaaattttctatttttaacgctaggacactttcttgctacttgaatataaacgatcaaaaataatttccaaatgtt","ttttttgaaatgaatatcgtcggtacagagacatgagtatactggtctgaaagagcaaaaaatttcctatttttaaggctaggagactttcttgctacttgaatataaacaatcaaaaataatttccaaatgttttaatgatagtggtattttgaaaaaaactttttttgcgatttttgaaatgaatatcgtcggtacagagacatgagtatactgttctgaaagagcaaaaaattttctatttttaacgctaggacactttcttgctacttgaatataaacgatcaaaaataatttccaaatgttttaggc","ttaggcttttttgaaatgaatatcgtcggtacagagacatgagtatactggtctgaaagagcaaaaaatttcctatttttaaggctaggagactttcttgctacttgaatataaacaatcaaaaataatttccaaatgttttaatgatagtggtattttgaaaaaaactttttttgcgatttttgaaatgaatatcgtcggtacagagacatgagtatactgttctgaaagagcaaaaaattttctatttttaacgctaggacactttcttgctacttgaatataaacgatcaaaaataatttccaaatgttttaggc"
"73","ttttttttttttttttttttt",12,21,"ttaggcttttttttttttttttttttt","tttttttttttttttttttttttaggc","ttaggctttttttttttttttttttttttaggc"
